word,ipa,pos,translation,example_en,example_ru,audio_file_id
airport,/ˈeəpɔːt/,noun,аэропорт,The airport is far from the city.,Аэропорт находится далеко от города.,
ticket,/ˈtɪkɪt/,noun,билет,Where can I buy a ticket?,Где можно купить билет?,
hotel,/həʊˈtel/,noun,"отель, гостиница",Our hotel is near the beach.,Наш отель находится недалеко от пляжа.,
passport,/ˈpɑːspɔːt/,noun,паспорт,Do not forget your passport.,Не забудь свой паспорт.,
train,/treɪn/,noun,поезд,The train leaves at nine.,Поезд отправляется в девять.,
bus,/bʌs/,noun,автобус,The bus was late again.,Автобус снова опоздал.,
station,/ˈsteɪʃn/,noun,"вокзал, станция",How far is the station from here?,Как далеко отсюда до вокзала?,
map,/mæp/,noun,карта,Can I look at your map?,Можно посмотреть вашу карту?,
luggage,/ˈlʌɡɪdʒ/,noun,багаж,My luggage is very heavy.,Мой багаж очень тяжёлый.,
journey,/ˈdʒɜːni/,noun,"поездка, путь",The journey took five hours.,Поездка заняла пять часов.,
holiday,/ˈhɒlədeɪ/,noun,"отпуск, праздник",We are on holiday next week.,На следующей неделе мы в отпуске.,
tourist,/ˈtʊərɪst/,noun,турист,Many tourists visit this old town.,Многие туристы посещают этот старый город.,
taxi,/ˈtæksi/,noun,такси,We took a taxi to the hotel.,Мы взяли такси до отеля.,
flight,/flaɪt/,noun,"рейс, перелёт",Our flight leaves at six.,Наш рейс вылетает в шесть.,
arrive,/əˈraɪv/,verb,"прибывать, приезжать",We arrive in Paris on Monday.,Мы приезжаем в Париж в понедельник.,
shop,/ʃɒp/,noun,магазин,There is a shop on the corner.,На углу есть магазин.,
price,/praɪs/,noun,цена,The price of this bag is high.,Цена этой сумки высокая.,
cheap,/tʃiːp/,adj,дешёвый,This café is cheap and good.,Это кафе дешёвое и хорошее.,
expensive,/ɪkˈspensɪv/,adj,дорогой,That coat is too expensive for me.,Это пальто слишком дорогое для меня.,
pay,/peɪ/,verb,платить,Can I pay by card?,Можно оплатить картой?,
cost,/kɒst/,verb,стоить,How much does this jacket cost?,Сколько стоит эта куртка?,
size,/saɪz/,noun,размер,What size are your shoes?,Какой у тебя размер обуви?,
sell,/sel/,verb,продавать,They sell fresh fruit here.,Здесь продают свежие фрукты.,
customer,/ˈkʌstəmə/,noun,"клиент, покупатель",The customer wants a bigger size.,Покупателю нужен размер побольше.,
market,/ˈmɑːkɪt/,noun,рынок,We buy vegetables at the market.,Мы покупаем овощи на рынке.,
bag,/bæɡ/,noun,"сумка, пакет",She put the book in her bag.,Она положила книгу в свою сумку.,
shirt,/ʃɜːt/,noun,рубашка,He is wearing a blue shirt.,На нём синяя рубашка.,
shoes,/ʃuːz/,noun,"туфли, обувь",I need new shoes for winter.,Мне нужна новая обувь на зиму.,
jacket,/ˈdʒækɪt/,noun,"куртка, пиджак",Take your jacket because it is cold outside.,"Возьми куртку, на улице холодно.",
receipt,/rɪˈsiːt/,noun,чек,Please keep the receipt for your purchase.,"Пожалуйста, сохраните чек о покупке.",
angry,/ˈæŋɡri/,adj,"злой, сердитый",He was angry about the noise.,Он был зол из-за шума.,
tired,/ˈtaɪəd/,adj,уставший,I am very tired after work.,Я очень устал после работы.,
afraid,/əˈfreɪd/,adj,"испуганный, боящийся",She is afraid of big dogs.,Она боится больших собак.,
worried,/ˈwʌrid/,adj,"обеспокоенный, встревоженный",My mother is worried about my exam.,Моя мама волнуется из-за моего экзамена.,
excited,/ɪkˈsaɪtɪd/,adj,"взволнованный, в восторге",The kids are excited about the trip.,Дети в восторге от поездки.,
surprised,/səˈpraɪzd/,adj,удивлённый,I was surprised by the news.,Меня удивила эта новость.,
lonely,/ˈləʊnli/,adj,одинокий,He feels lonely in the new city.,Ему одиноко в новом городе.,
proud,/praʊd/,adj,гордый,Her parents are proud of her.,Родители гордятся ею.,
bored,/bɔːd/,adj,"скучающий, которому скучно",I am bored with this film.,Мне скучно на этом фильме.,
nervous,/ˈnɜːvəs/,adj,нервничающий,I feel nervous before exams.,Я нервничаю перед экзаменами.,
glad,/ɡlæd/,adj,рад,I am glad to see you.,Я рад тебя видеть.,
sad,/sæd/,adj,грустный,That sad song made me cry.,Эта грустная песня заставила меня плакать.,
hope,/həʊp/,verb,надеяться,I hope you feel better soon.,"Надеюсь, тебе скоро станет лучше.",
feel,/fiːl/,verb,чувствовать,I feel much better today.,Сегодня я чувствую себя гораздо лучше.,
enjoy,/ɪnˈdʒɔɪ/,verb,"наслаждаться, получать удовольствие",I enjoy walking in the park.,Я люблю гулять в парке.,
job,/dʒɒb/,noun,работа,He found a new job last month.,Он нашёл новую работу в прошлом месяце.,
boss,/bɒs/,noun,"начальник, босс",My boss is very kind.,Мой начальник очень добрый.,
office,/ˈɒfɪs/,noun,офис,She works in a large office.,Она работает в большом офисе.,
meeting,/ˈmiːtɪŋ/,noun,"встреча, совещание",The meeting starts at ten.,Совещание начинается в десять.,
salary,/ˈsæləri/,noun,зарплата,His salary is quite good.,У него довольно хорошая зарплата.,
colleague,/ˈkɒliːɡ/,noun,коллега,My colleague speaks three languages.,Мой коллега говорит на трёх языках.,
manager,/ˈmænɪdʒə/,noun,"менеджер, управляющий",The manager wants to see you.,Менеджер хочет вас видеть.,
company,/ˈkʌmpəni/,noun,компания,He works for a small company.,Он работает в небольшой компании.,
career,/kəˈrɪə/,noun,карьера,She started her career as a nurse.,Она начала карьеру медсестрой.,
interview,/ˈɪntəvjuː/,noun,"собеседование, интервью",I have a job interview tomorrow.,Завтра у меня собеседование.,
email,/ˈiːmeɪl/,noun,"электронная почта, письмо",I will send you an email.,Я отправлю тебе письмо по электронной почте.,
project,/ˈprɒdʒekt/,noun,проект,We are working on a new project.,Мы работаем над новым проектом.,
employee,/ɪmˈplɔɪiː/,noun,сотрудник,Every employee gets a free lunch.,Каждый сотрудник получает бесплатный обед.,
busy,/ˈbɪzi/,adj,занятой,I am busy this afternoon.,Я занят сегодня днём.,
task,/tɑːsk/,noun,"задача, задание",This task is not easy.,Это задание нелёгкое.,
decide,/dɪˈsaɪd/,verb,решать,I cannot decide what to wear.,Я не могу решить что надеть.,
remember,/rɪˈmembə/,verb,помнить,Do you remember my phone number?,Ты помнишь мой номер телефона?,
forget,/fəˈɡet/,verb,забывать,Please do not forget your keys.,"Пожалуйста, не забудь свои ключи.",
choose,/tʃuːz/,verb,выбирать,You can choose any colour you like.,Ты можешь выбрать любой цвет.,
explain,/ɪkˈspleɪn/,verb,объяснять,Can you explain this word to me?,Можешь объяснить мне это слово?,
learn,/lɜːn/,verb,"учить, узнавать",I want to learn to swim.,Я хочу научиться плавать.,
teach,/tiːtʃ/,verb,"преподавать, учить",She can teach you to cook.,Она может научить тебя готовить.,
try,/traɪ/,verb,"пробовать, пытаться",You should try this local cheese.,Тебе стоит попробовать этот местный сыр.,
need,/niːd/,verb,нуждаться,I need some help with homework.,Мне нужна помощь с домашним заданием.,
wait,/weɪt/,verb,ждать,Please wait here for a moment.,"Пожалуйста, подождите здесь минутку.",
carry,/ˈkæri/,verb,"носить, нести",Can you carry this heavy box?,Можешь донести эту тяжёлую коробку?,
invite,/ɪnˈvaɪt/,verb,приглашать,I want to invite you to dinner.,Я хочу пригласить тебя на ужин.,
visit,/ˈvɪzɪt/,verb,"посещать, навещать",We visit our grandparents every summer.,Мы навещаем бабушку с дедушкой каждое лето.,
travel,/ˈtrævl/,verb,путешествовать,I like to travel by train.,Я люблю путешествовать на поезде.,
change,/tʃeɪndʒ/,verb,"менять, изменять",I want to change my room.,Я хочу поменять свой номер.,
plan,/plæn/,verb,планировать,We plan to visit Kazan in July.,Мы планируем поехать в Казань в июле.,
spend,/spend/,verb,"тратить, проводить",I spend too much money on coffee.,Я трачу слишком много денег на кофе.,
stay,/steɪ/,verb,"оставаться, останавливаться",We will stay two nights in Rome.,Мы пробудем в Риме две ночи.,
leave,/liːv/,verb,"уходить, уезжать",The bus leaves in ten minutes.,Автобус отправляется через десять минут.,
receive,/rɪˈsiːv/,verb,получать,I hope to receive your reply soon.,Надеюсь скоро получить твой ответ.,
difficult,/ˈdɪfɪkəlt/,adj,трудный,This exercise is very difficult.,Это упражнение очень трудное.,
easy,/ˈiːzi/,adj,"лёгкий, простой",The test was quite easy.,Тест был довольно лёгким.,
dangerous,/ˈdeɪndʒərəs/,adj,опасный,This road is very dangerous at night.,Эта дорога очень опасна ночью.,
popular,/ˈpɒpjələ/,adj,популярный,This is a popular restaurant in town.,Это популярный ресторан в городе.,
important,/ɪmˈpɔːtənt/,adj,важный,Your health is very important.,Твоё здоровье очень важно.,
careful,/ˈkeəfl/,adj,"осторожный, внимательный",Be careful with that hot cup.,Осторожнее с этой горячей чашкой.,
quickly,/ˈkwɪkli/,adv,быстро,He ran home very quickly.,Он очень быстро побежал домой.,
usually,/ˈjuːʒuəli/,adv,обычно,I usually get up at seven.,Обычно я встаю в семь.,
sometimes,/ˈsʌmtaɪmz/,adv,иногда,Sometimes we eat out on Fridays.,По пятницам мы иногда ужинаем в ресторане.,
especially,/ɪˈspeʃəli/,adv,особенно,I like fruit especially in summer.,Я люблю фрукты особенно летом.,
weather,/ˈweðə/,noun,погода,The weather is nice today.,Сегодня хорошая погода.,
health,/helθ/,noun,здоровье,Walking is good for your health.,Ходьба полезна для здоровья.,
doctor,/ˈdɒktə/,noun,врач,I need to see a doctor.,Мне нужно к врачу.,
hospital,/ˈhɒspɪtl/,noun,больница,My aunt works at the hospital.,Моя тётя работает в больнице.,
medicine,/ˈmedsn/,noun,лекарство,Take this medicine twice a day.,Принимай это лекарство два раза в день.,
restaurant,/ˈrestrɒnt/,noun,ресторан,We had lunch at a nice restaurant.,Мы пообедали в хорошем ресторане.,
menu,/ˈmenjuː/,noun,меню,Can I see the menu please?,Можно посмотреть меню?,
dinner,/ˈdɪnə/,noun,"ужин, обед",What is for dinner tonight?,Что сегодня на ужин?,
weekend,/ˌwiːkˈend/,noun,выходные,What are you doing this weekend?,Что ты делаешь на выходных?,
message,/ˈmesɪdʒ/,noun,сообщение,I got your message this morning.,Я получил твоё сообщение сегодня утром.,
